{
 "alpha13|native|M1|K2048|N64": {
  "family": "native",
  "M": 1,
  "K": 2048,
  "N": 64,
  "group": "alpha13",
  "compile_path": "axcompile",
  "dev_fps": 91734.5,
  "host_fps": 19104.0,
  "system_fps": 15466.7,
  "dev_lat_us": 10.901024151219007,
  "system_lat_us": 64.65503307104942,
  "dev_gflops": 24.047648768,
  "compile_s": 8.7,
  "tiles": 1
 },
 "alpha13|native|M1|K2048|N128": {
  "family": "native",
  "M": 1,
  "K": 2048,
  "N": 128,
  "group": "alpha13",
  "compile_path": "axcompile",
  "dev_fps": 83638.9,
  "host_fps": 18787.1,
  "system_fps": 15649.5,
  "dev_lat_us": 11.956159155608217,
  "system_lat_us": 63.899805105594425,
  "dev_gflops": 43.8508716032,
  "compile_s": 8.7,
  "tiles": 1
 },
 "alpha13|native|M1|K2048|N256": {
  "family": "native",
  "M": 1,
  "K": 2048,
  "N": 256,
  "group": "alpha13",
  "compile_path": "axcompile",
  "dev_fps": 68480.5,
  "host_fps": 18798.3,
  "system_fps": 15856.3,
  "dev_lat_us": 14.602697118157725,
  "system_lat_us": 63.066415241891235,
  "dev_gflops": 71.807008768,
  "compile_s": 8.8,
  "tiles": 1
 },
 "alpha13|native|M1|K2048|N480": {
  "family": "native",
  "M": 1,
  "K": 2048,
  "N": 480,
  "group": "alpha13",
  "compile_path": "axcompile",
  "dev_fps": 50557.6,
  "host_fps": 16983.0,
  "system_fps": 14454.8,
  "dev_lat_us": 19.779419909172905,
  "system_lat_us": 69.1811716523231,
  "dev_gflops": 99.400286208,
  "compile_s": 8.8,
  "tiles": 1
 },
 "alpha13|native|M1|K2048|N512": {
  "family": "native",
  "M": 1,
  "K": 2048,
  "N": 512,
  "group": "alpha13",
  "compile_path": "axcompile",
  "dev_fps": 50557.2,
  "host_fps": 16918.9,
  "system_fps": 14414.4,
  "dev_lat_us": 19.779576400591807,
  "system_lat_us": 69.37506937506937,
  "dev_gflops": 106.0261330944,
  "compile_s": 8.9,
  "tiles": 1
 },
 "alpha13|native|M1|K3584|N512": {
  "family": "native",
  "M": 1,
  "K": 3584,
  "N": 512,
  "group": "alpha13",
  "compile_path": "axcompile",
  "dev_fps": 41672.4,
  "host_fps": 15833.1,
  "system_fps": 13531.9,
  "dev_lat_us": 23.99669805434772,
  "system_lat_us": 73.89945240505769,
  "dev_gflops": 152.9383747584,
  "compile_s": 9.3,
  "tiles": 1
 },
 "alpha13|native|M1|K2048|N544": {
  "family": "native",
  "M": 1,
  "K": 2048,
  "N": 544,
  "group": "alpha13",
  "compile_path": "axcompile",
  "dev_fps": 47602.8,
  "host_fps": 16779.0,
  "system_fps": 14224.5,
  "dev_lat_us": 21.007167645600678,
  "system_lat_us": 70.30124081690042,
  "dev_gflops": 106.06970142720002,
  "compile_s": 9.1,
  "tiles": 1
 },
 "alpha13|native|M1|K2048|N1000": {
  "family": "native",
  "M": 1,
  "K": 2048,
  "N": 1000,
  "group": "alpha13",
  "compile_path": "axcompile",
  "dev_fps": 38557.6,
  "host_fps": 16022.4,
  "system_fps": 13972.9,
  "dev_lat_us": 25.93522418407785,
  "system_lat_us": 71.56710489590564,
  "dev_gflops": 157.9319296,
  "compile_s": 9.3,
  "tiles": 1
 },
 "alpha13|native|M1|K2048|N1024": {
  "family": "native",
  "M": 1,
  "K": 2048,
  "N": 1024,
  "group": "alpha13",
  "compile_path": "axcompile",
  "dev_fps": 38557.7,
  "host_fps": 16013.8,
  "system_fps": 13760.8,
  "dev_lat_us": 25.93515692066695,
  "system_lat_us": 72.67019359339574,
  "dev_gflops": 161.7227153408,
  "compile_s": 9.4,
  "tiles": 1
 },
 "alpha13|native|M1|K3072|N1024": {
  "family": "native",
  "M": 1,
  "K": 3072,
  "N": 1024,
  "group": "alpha13",
  "compile_path": "axcompile",
  "dev_fps": 28322.0,
  "host_fps": 12977.0,
  "system_fps": 11491.2,
  "dev_lat_us": 35.308240943436196,
  "system_lat_us": 87.0231133389028,
  "dev_gflops": 178.186616832,
  "compile_s": 10.4,
  "tiles": 1
 },
 "alpha13|native|M1|K4096|N1024": {
  "family": "native",
  "M": 1,
  "K": 4096,
  "N": 1024,
  "group": "alpha13",
  "compile_path": "axcompile",
  "dev_fps": 26179.3,
  "host_fps": 12539.6,
  "system_fps": 10666.5,
  "dev_lat_us": 38.198118360689556,
  "system_lat_us": 93.75146486663854,
  "dev_gflops": 219.6078854144,
  "compile_s": 10.5,
  "tiles": 1
 },
 "alpha13|native|M1|K2048|N1536": {
  "family": "native",
  "M": 1,
  "K": 2048,
  "N": 1536,
  "group": "alpha13",
  "compile_path": "axcompile",
  "dev_fps": 31111.8,
  "host_fps": 14204.8,
  "system_fps": 12223.7,
  "dev_lat_us": 32.142145423922756,
  "system_lat_us": 81.80829045215441,
  "dev_gflops": 195.7385207808,
  "compile_s": 9.7,
  "tiles": 1
 },
 "alpha13|native|M1|K2048|N2048": {
  "family": "native",
  "M": 1,
  "K": 2048,
  "N": 2048,
  "group": "alpha13",
  "compile_path": "axcompile",
  "dev_fps": 23906.9,
  "host_fps": 12213.0,
  "system_fps": 10816.9,
  "dev_lat_us": 41.82892805006086,
  "system_lat_us": 92.44792870415739,
  "dev_gflops": 200.54561259520003,
  "compile_s": 10.5,
  "tiles": 1
 },
 "prefill|gate_up|M64|K4096|N14336": {
  "family": "gate_up",
  "M": 64,
  "K": 4096,
  "N": 14336,
  "group": "prefill",
  "compile_path": "axcompile",
  "tiles": 14,
  "tiled_extrapolated": true,
  "dev_lat_us": 638.898903375668,
  "system_lat_us": 1328.689248056792,
  "dev_gflops": 11764.291233382399,
  "tile_dev_lat_us": 45.63563595540486,
  "tile_dev_gflops": 11764.2912333824,
  "tile_dev_fps": 21912.7
 },
 "prefill|gate_up|M128|K4096|N14336": {
  "family": "gate_up",
  "M": 128,
  "K": 4096,
  "N": 14336,
  "group": "prefill",
  "compile_path": "axcompile",
  "tiles": 14,
  "tiled_extrapolated": true,
  "dev_lat_us": 724.0680210186603,
  "system_lat_us": 1553.1395606833814,
  "dev_gflops": 20761.0129154048,
  "tile_dev_lat_us": 51.71914435847573,
  "tile_dev_gflops": 20761.0129154048,
  "tile_dev_fps": 19335.2
 },
 "prefill|gate_up|M256|K4096|N14336": {
  "family": "gate_up",
  "M": 256,
  "K": 4096,
  "N": 14336,
  "group": "prefill",
  "compile_path": "axcompile",
  "tiles": 14,
  "tiled_extrapolated": true,
  "dev_lat_us": 915.0984711319115,
  "system_lat_us": 2904.263043252775,
  "dev_gflops": 32854.1375823872,
  "tile_dev_lat_us": 65.36417650942225,
  "tile_dev_gflops": 32854.1375823872,
  "tile_dev_fps": 15298.9
 },
 "prefill|q_o|M128|K4096|N4096": {
  "family": "q_o",
  "M": 128,
  "K": 4096,
  "N": 4096,
  "group": "prefill",
  "compile_path": "axcompile",
  "tiles": 4,
  "tiled_extrapolated": true,
  "dev_lat_us": 206.87657743390292,
  "system_lat_us": 443.7541601952518,
  "dev_gflops": 20761.0129154048,
  "tile_dev_lat_us": 51.71914435847573,
  "tile_dev_gflops": 20761.0129154048,
  "tile_dev_fps": 19335.2
 },
 "prefill|q_o|M256|K4096|N4096": {
  "family": "q_o",
  "M": 256,
  "K": 4096,
  "N": 4096,
  "group": "prefill",
  "compile_path": "axcompile",
  "tiles": 4,
  "tiled_extrapolated": true,
  "dev_lat_us": 261.456706037689,
  "system_lat_us": 829.7894409293642,
  "dev_gflops": 32854.1375823872,
  "tile_dev_lat_us": 65.36417650942225,
  "tile_dev_gflops": 32854.1375823872,
  "tile_dev_fps": 15298.9
 }
}